mean,med,trails
-12.6131,0.00431534,10000
-0.397588,0.000599054,20000
0.276969,0.00362849,30000
0.571513,0.00266015,40000
0.176069,-0.00022371,50000
0.850179,-0.000938829,60000
-2.49757,-0.0010013,70000
-0.0424566,0.000316822,80000
0.0729776,0.000848525,90000
-0.125648,0.000219298,100000
Mean is not converge,Med is converge to 0,
